{
  "BEL": 0.018601900997129082,
  "FRA": 0.49709786992142646,
  "NLD": 0.062009434830884565,
  "DEU": 0.18137476912197903,
  "IRL": 0.05382884361633019,
  "RoW": 0.03343465911746981,
  "LUX": 0.09039495830248383,
  "ARG": 0.012228979095109017,
  "PRT": 0.05102858499718804
}
