{
  "FRA": 0.23101574865364077,
  "BEL": 0.06859267094012823,
  "NLD": 0.05860731171091849,
  "DEU": 0.4650119094816741,
  "ESP": 0.15176230335837454,
  "RoW": 0.025010055855263905
}
