{
  "DEU": 0.1544788581615329,
  "BEL": 0.7656107122025984,
  "RoW": 0.010509604369343329,
  "NLD": 0.021953911022756595,
  "FRA": 0.04744691424376892
}
