{
  "BEL": 0.513615998964678,
  "DEU": 0.3897288054862884,
  "RoW": 0.010395184932960568,
  "FRA": 0.023663277225459748,
  "ESP": 0.06259673339061333
}
