{
  "DEU": 0.10288141512741471,
  "BEL": 0.021134649305494947,
  "RoW": 0.7079439786127439,
  "FRA": 0.03246617693941437,
  "NLD": 0.03214620708705747,
  "CZE": 0.013725506644066507,
  "PRT": 0.08970206628380815
}
