{
  "DEU": 0.12193399680290054,
  "FRA": 0.4395715296653544,
  "BEL": 0.3676493609552159,
  "RoW": 0.0206933375235071,
  "LUX": 0.050151775053021944
}
