{
  "BEL": 0.365757798184374,
  "DEU": 0.3485527686465024,
  "NLD": 0.058086663289091435,
  "FRA": 0.03280609400493202,
  "ITA": 0.019768554696016016,
  "RoW": 0.14279167520998218,
  "LUX": 0.03223644596910196
}
