{
  "NLD": 0.20040308951716115,
  "BEL": 0.024972713237053877,
  "DEU": 0.19574880385270008,
  "FRA": 0.030344241770006778,
  "LTU": 0.07522901443154101,
  "ITA": 0.01056524730990377,
  "LVA": 0.05002559156996948,
  "RoW": 0.05986958154355211,
  "ESP": 0.011995086674708938,
  "CHE": 0.047343374469890946,
  "LUX": 0.2503598213304329,
  "GBR": 0.043143434293079104
}
