{
  "NLD": 0.016207791278550227,
  "DEU": 0.048605966650477624,
  "BEL": 0.22251439962283248,
  "RoW": 0.6914127619532746,
  "AUT": 0.02125908049486497
}
