{
  "DEU": 0.027648651688874187,
  "BEL": 0.07059257988078153,
  "RoW": 0.023384636232179727,
  "FRA": 0.7737012202546131,
  "AUT": 0.037942779368806384,
  "CHN": 0.013296649683910663,
  "GBR": 0.05343348289083448
}
