{
  "CHN": 0.02726138833177736,
  "POL": 0.46528691365776453,
  "KOR": 0.05953918989938474,
  "DEU": 0.016310606416664552,
  "BEL": 0.18014054888072878,
  "RoW": 0.010503866306467182,
  "FRA": 0.21839509251699227,
  "NLD": 0.022562393990220683
}
