{
  "USA": 0.1777090268034566,
  "BEL": 0.08139489883736231,
  "POL": 0.04610633852056382,
  "SAU": 0.03326128038230279,
  "CHE": 0.013851240879102777,
  "RUS": 0.013295865125480283,
  "DEU": 0.03561224766258547,
  "RoW": 0.1712618386359813,
  "NLD": 0.07968913945670177,
  "FRA": 0.08672786923416519,
  "IND": 0.22190936401944308,
  "KOR": 0.03918089044285469
}
