{
  "CZE": 0.3975206492485863,
  "DEU": 0.3182582421602047,
  "FRA": 0.19176754170926183,
  "POL": 0.05783493249855711,
  "RoW": 0.03461863438339013
}
