{
  "DEU": 0.01908273032695742,
  "BEL": 0.20543860875050987,
  "RoW": 0.6335876319760911,
  "FRA": 0.03406017756331445,
  "UKR": 0.015142526753670983,
  "AUT": 0.011101178522549798,
  "NLD": 0.022778737831875083,
  "POL": 0.058808408275031254
}
