{
  "DEU": 0.17788490696162337,
  "BEL": 0.07070291074783243,
  "RoW": 0.013815588516011846,
  "LUX": 0.39257154526760385,
  "CHN": 0.06498635630841933,
  "FRA": 0.08835460298114445,
  "VNM": 0.014124941300979547,
  "NLD": 0.011907423253990418,
  "CZE": 0.05813882227297079,
  "POL": 0.10751290238942389
}
