{
  "BEL": 0.6012341608381363,
  "DEU": 0.12720735112209391,
  "FRA": 0.011728016544171233,
  "RoW": 0.09229131121874855,
  "PRT": 0.027229680480051557,
  "HRV": 0.01958296559259544,
  "ITA": 0.046749630051484505,
  "ESP": 0.07397688415271844
}
