{
  "GBR": 0.03581484961322371,
  "ESP": 0.03523445163445241,
  "DEU": 0.1558513340311066,
  "ITA": 0.28365341429647695,
  "IND": 0.013784436608521612,
  "AUT": 0.29734412597423165,
  "BEL": 0.042071404198932946,
  "RoW": 0.0918220398733321,
  "USA": 0.016365639376955708,
  "FRA": 0.028058304392766475
}
