{
  "IND": 0.09450646741045286,
  "ITA": 0.07258385204787335,
  "RoW": 0.3801347777577054,
  "BEL": 0.3354666706923201,
  "DEU": 0.018496448359060388,
  "SWE": 0.09881178373258792
}
