{
  "LUX": 0.04851567086640324,
  "FIN": 0.05302012965793166,
  "IND": 0.1716103146065052,
  "BRA": 0.05937936559891297,
  "BIH": 0.029523812728662557,
  "SRB": 0.5546578581356739,
  "RoW": 0.017593356167053206,
  "KOR": 0.03391444119684742,
  "PRT": 0.03178505104200983
}
