{
  "DEU": 0.31298315199170623,
  "BEL": 0.3913974767643555,
  "FRA": 0.049961047262625735,
  "ESP": 0.13041040692848196,
  "RoW": 0.019883353608894004,
  "NLD": 0.03513402527322261,
  "ITA": 0.013131331871816136,
  "POL": 0.010417582371444307,
  "TUR": 0.03668162392745352
}
