{
  "FRA": 0.23846111777761775,
  "NLD": 0.19440446190841726,
  "BEL": 0.2489319838230704,
  "DEU": 0.24361256477702117,
  "RoW": 0.07458987171387342
}
