{
  "DEU": 0.1467852100266096,
  "POL": 0.3514860315518459,
  "BEL": 0.06255066487661376,
  "RoW": 0.011744760333888351,
  "FRA": 0.019546281815471977,
  "LUX": 0.34051939723357183,
  "HUN": 0.06736765416199857
}
