{
  "BEL": 0.897988599686806,
  "FRA": 0.023016219940074013,
  "DEU": 0.05971434551470906,
  "RoW": 0.019280834858410933
}
