{
  "DEU": 0.26221750160724067,
  "BEL": 0.6085789264301528,
  "LUX": 0.02931682093988326,
  "FRA": 0.0905752597039405,
  "RoW": 0.009311491318782917
}
