{
  "DEU": 0.16806045965863897,
  "RoW": 0.3641525457459079,
  "BEL": 0.022564253812251998,
  "MKD": 0.062399165559415715,
  "FRA": 0.016321688163371737,
  "PRT": 0.015725967288906576,
  "NLD": 0.07472391527435757,
  "ESP": 0.052303504426676396,
  "ITA": 0.05293098348795835,
  "LUX": 0.1708175165825148
}
