{
  "VNM": 0.15277786163975401,
  "BEL": 0.0907367499595767,
  "CHN": 0.043083444975067386,
  "KOR": 0.05819939786958605,
  "DEU": 0.01696274086189208,
  "RoW": 0.6064221950823461,
  "TUR": 0.0318176096117777
}
