{
  "DEU": 0.18508760634429594,
  "FRA": 0.39672772010928903,
  "BEL": 0.3662911758314816,
  "RoW": 0.013453491160598121,
  "NLD": 0.03844000655433536
}
