{
  "NLD": 0.034845205717605146,
  "ISL": 0.021104548899987554,
  "RUS": 0.014283229966103275,
  "ZAF": 0.032567967550725184,
  "MOZ": 0.10155037408065669,
  "ARE": 0.01336996163408587,
  "IND": 0.035401190214041756,
  "CMR": 0.5639490967419991,
  "RoW": 0.10056958664105281,
  "FRA": 0.06265291427648273,
  "KAZ": 0.01970592427726006
}
