{
  "DEU": 0.15646373584861242,
  "BEL": 0.046207717545382235,
  "RoW": 0.5776464998773906,
  "CZE": 0.015885336499196948,
  "ITA": 0.04366907127119646,
  "NLD": 0.039879988246298015,
  "TUR": 0.011856008015905266,
  "FRA": 0.03163893142004959,
  "POL": 0.07675271127596844
}
