{
  "DEU": 0.40651818430883196,
  "BEL": 0.4743786500947772,
  "RoW": 0.028926082396569755,
  "LUX": 0.03542332537512598,
  "FRA": 0.05475375782469507
}
