{
  "EGY": 0.054387893263781524,
  "SVN": 0.3690186945627891,
  "RoW": 0.01957758309833066,
  "CAN": 0.01631158937267035,
  "HKG": 0.34464044989359477,
  "IRL": 0.19606378980883363
}
