{
  "LVA": 0.014878502612544286,
  "IRL": 0.30404799589117854,
  "KOR": 0.27424093503911195,
  "PRT": 0.3081882352502642,
  "RoW": 0.01105750100211099,
  "ROU": 0.04553078467653482,
  "HKG": 0.015571027536851792,
  "MAR": 0.026485017991403473
}
