{
  "DEU": 0.15415381691298588,
  "BEL": 0.13933701036779333,
  "CHN": 0.01942160272962921,
  "ITA": 0.3600866019477668,
  "RoW": 0.037218728033004016,
  "ISR": 0.05132780459221527,
  "THA": 0.0608031957795457,
  "FRA": 0.03462831251743962,
  "LUX": 0.015039317103612695,
  "USA": 0.04082846760684045,
  "CZE": 0.03190033307548431,
  "NLD": 0.05525480933368256
}
