{
  "ZAF": 0.0470555019645672,
  "MAR": 0.011834458744088653,
  "FIN": 0.11763875491141802,
  "HKG": 0.0117638754911418,
  "MLT": 0.0117638754911418,
  "SDN": 0.7999435333976426,
  "RoW": 0.0
}
