{
  "DEU": 0.20037611272676545,
  "BEL": 0.12787953446013883,
  "CHN": 0.4315305454756377,
  "RoW": 0.016903038386548642,
  "FRA": 0.09809799063621981,
  "ESP": 0.011017158948375455,
  "ITA": 0.010212252358539805,
  "JPN": 0.10398336700777434
}
