{
  "PHL": 0.03670291421006539,
  "HKG": 0.04566539300045142,
  "IDN": 0.017424693258775693,
  "SVN": 0.043958501055511474,
  "RoW": 0.1586356555970979,
  "BRA": 0.018235435647945764,
  "SWE": 0.09834561491517507,
  "EST": 0.02393277745379516,
  "BGD": 0.013653526633304242,
  "SRB": 0.28576652473926295,
  "PRK": 0.0250724335230235,
  "MDA": 0.03176364480602976,
  "HUN": 0.0862607913418675,
  "DNK": 0.045119855282450015,
  "MKD": 0.0694622385352443
}
