{
  "CHN": 0.04764616724478056,
  "RoW": 0.7313221464377281,
  "BEL": 0.047165171487605406,
  "DEU": 0.016569065946284205,
  "NLD": 0.020194067176643033,
  "FRA": 0.011123064866442696,
  "PHL": 0.1259803168405161
}
