{
  "BEL": 0.31509330415728026,
  "LUX": 0.08068953480845861,
  "TUR": 0.046353597580286704,
  "CHN": 0.039445283525490066,
  "RoW": 0.025441515395230093,
  "USA": 0.030374820624982344,
  "DEU": 0.021333580733008194,
  "FRA": 0.16618956968065154,
  "ITA": 0.025799456000066025,
  "NLD": 0.11240800241938449,
  "GBR": 0.06477551431516919,
  "KOR": 0.07209582075999237
}
