{
  "BEL": 0.013440646303711445,
  "DEU": 0.3532405891374102,
  "RoW": 0.024515638504827877,
  "FRA": 0.016692707046143243,
  "CHN": 0.3507678597858419,
  "CZE": 0.08536268587976463,
  "ITA": 0.014002570690799607,
  "AUT": 0.012050579865564631,
  "POL": 0.012455438657233574,
  "NLD": 0.013216574291005893,
  "JPN": 0.010091377428877455,
  "USA": 0.09416333240881958
}
