{
  "DEU": 0.19749419329212353,
  "BEL": 0.5646172699046467,
  "FRA": 0.11655622794805975,
  "RoW": 0.023643800071964195,
  "ITA": 0.011732289866485801,
  "ROU": 0.01016057976869329,
  "JPN": 0.012883654674242982,
  "NLD": 0.06291198447378389
}
