{
  "DEU": 0.02552114561916987,
  "BEL": 0.0777125155558861,
  "AUT": 0.12234069012909529,
  "RoW": 0.02566319724228788,
  "ITA": 0.5878219902792059,
  "FRA": 0.027443022869749093,
  "CHN": 0.036972711267945615,
  "ARE": 0.01005565247055766,
  "POL": 0.02115693656124121,
  "JPN": 0.06531213800486146
}
