{
  "BEL": 0.5796668219758084,
  "DEU": 0.23134893738327875,
  "SVK": 0.0138791622940632,
  "RoW": 0.021561440721624657,
  "ITA": 0.10273335833797599,
  "HUN": 0.050810279287249016
}
