{
  "KGZ": 0.014009218264387979,
  "TUR": 0.018168609578002856,
  "TUN": 0.05173186169403574,
  "ROU": 0.04393007091994721,
  "CAN": 0.0100518510423494,
  "RoW": 0.02009163487385968,
  "HKG": 0.2711732772836247,
  "NOR": 0.027450599686144047,
  "MYS": 0.027943185944329752,
  "IRL": 0.07540772936039172,
  "BGR": 0.17937827560370628,
  "AUT": 0.20979307038383763,
  "HUN": 0.05087061536538293
}
