{
  "ISR": 0.022206420169834807,
  "MYS": 0.02255764341254479,
  "RoW": 0.04888714033815353,
  "GRC": 0.7363988819671022,
  "CAN": 0.10689367542542487,
  "ARE": 0.06305623868693974
}
