{
  "DEU": 0.061590125081298096,
  "BEL": 0.16659401193810724,
  "RoW": 0.012448203560292017,
  "AUT": 0.05099825048261874,
  "CZE": 0.052969988350154866,
  "CHE": 0.44926108594888153,
  "HRV": 0.010879917833721626,
  "PRT": 0.03659243586816185,
  "FRA": 0.04765023175542588,
  "BIH": 0.04617003582375325,
  "EST": 0.06484571335758502
}
