{
  "FRA": 0.077635925115584,
  "BEL": 0.05447682458732563,
  "DEU": 0.770765640164832,
  "SGP": 0.016291620205328258,
  "RoW": 0.052394040228066346,
  "NLD": 0.028435949698863813
}
