{
  "DEU": 0.23885601236170276,
  "FRA": 0.40295667099034194,
  "BEL": 0.34285268300547234,
  "RoW": 0.015334633642482998
}
