{
  "BEL": 0.04119991857421033,
  "NLD": 0.4201708760369026,
  "DEU": 0.2063599277416336,
  "FRA": 0.07562836571946101,
  "AUT": 0.2298840391576605,
  "RoW": 0.011026676648019838,
  "POL": 0.015730196122112104
}
