{
  "DEU": 0.36290312520944423,
  "BEL": 0.37539904884736547,
  "ITA": 0.0731234096311057,
  "FRA": 0.12352264346778422,
  "RoW": 0.02275608214288771,
  "NLD": 0.042295690701412626
}
