{
  "CHN": 0.010433238619591978,
  "KOR": 0.3549684010745373,
  "JPN": 0.012305782506263544,
  "DEU": 0.12831400170096782,
  "NLD": 0.02526409952471945,
  "FRA": 0.01129194624279498,
  "USA": 0.13497154729549898,
  "CZE": 0.21228086887647712,
  "RoW": 0.08004241776122749,
  "ITA": 0.018538937266326463,
  "CHE": 0.01158875913159478
}
