{
  "FRA": 0.04001058785944465,
  "DEU": 0.09707228437842814,
  "BEL": 0.2890377083644178,
  "RoW": 0.5170196243188986,
  "AUT": 0.05685979507881088
}
