{
  "BEL": 0.5148712430961586,
  "DEU": 0.31037810626084794,
  "NLD": 0.0126056287425068,
  "POL": 0.08212018614104749,
  "RoW": 0.05668190727599846,
  "FRA": 0.02334292848344056
}
