{
  "DEU": 0.3389306855848522,
  "BEL": 0.010179798958854718,
  "FRA": 0.45216683466000074,
  "RoW": 0.08447931576279566,
  "ISR": 0.02689841249010074,
  "ITA": 0.011203412516291558,
  "CZE": 0.0761415400271045
}
