{
  "DEU": 0.12097350359690102,
  "BEL": 0.05285232498211891,
  "RoW": 0.012185158441663973,
  "FRA": 0.6287122150705556,
  "BRA": 0.05728628386836848,
  "SWE": 0.03606588535501268,
  "CMR": 0.09192462868537928
}
