{
  "DEU": 0.20921963608844435,
  "BEL": 0.023027474560863882,
  "FRA": 0.5793441621717855,
  "RoW": 0.12849515490353372,
  "CZE": 0.05991357227537249
}
