{
  "CHE": 0.011002315973655634,
  "LTU": 0.010140671122429116,
  "BRA": 0.07037879449646973,
  "RoW": 0.5662752077747187,
  "UKR": 0.014120100726895582,
  "RUS": 0.010475063929829945,
  "TUR": 0.011569392521396042,
  "IND": 0.02259040134674999,
  "LUX": 0.07281759501455964,
  "SWE": 0.018214916080874173,
  "CZE": 0.012859130004474091,
  "PRT": 0.03468887501236029,
  "HRV": 0.01487357923241636,
  "BLR": 0.027601069436198097,
  "EST": 0.04697146426026525,
  "BLZ": 0.055421423066707415
}
