{
  "BEL": 0.28068232962633105,
  "DEU": 0.019689746779037474,
  "LUX": 0.25777407392845847,
  "USA": 0.0593354225053568,
  "FRA": 0.02553265218544467,
  "NLD": 0.1650961682407855,
  "RoW": 0.05932333609927375,
  "ITA": 0.10381119648696105,
  "CZE": 0.028755074148351174
}
