{
  "DEU": 0.06455310496112714,
  "BEL": 0.11303652370890102,
  "CHN": 0.09853947669297738,
  "FRA": 0.3059838495503989,
  "THA": 0.02785545519287308,
  "ITA": 0.08297972021718035,
  "AUT": 0.03370867324195889,
  "RoW": 0.04256681920983207,
  "IND": 0.07451278360470456,
  "GBR": 0.014009088540954107,
  "ESP": 0.07971532831777142,
  "MEX": 0.06253917676132123
}
