{
  "BEL": 0.35788302273614736,
  "DEU": 0.013192424880869224,
  "ITA": 0.2538426612250156,
  "RoW": 0.06782892330015723,
  "NLD": 0.018173511157490774,
  "ESP": 0.015397152591074855,
  "PRT": 0.08752644912993754,
  "VNM": 0.06855779954145015,
  "FRA": 0.027825375487181912,
  "GRC": 0.018694053842826165,
  "CHN": 0.07107862610784929
}
