{
  "CHN": 0.010376413220349021,
  "BEL": 0.2386226417235543,
  "DEU": 0.24055317185993086,
  "FRA": 0.011366396165534403,
  "RoW": 0.20985516511247004,
  "ITA": 0.11968569454034556,
  "NLD": 0.04352395675305987,
  "PRT": 0.010337191816369797,
  "CZE": 0.03450706351983985,
  "AUT": 0.01849869602627175,
  "LUX": 0.06267360926227454
}
