{
  "DEU": 0.09255910742261723,
  "BEL": 0.1765278659481609,
  "RoW": 0.024110239362659124,
  "AUT": 0.3309179416082032,
  "FRA": 0.08321843938643977,
  "ITA": 0.07516127925191471,
  "LUX": 0.05914557361979616,
  "POL": 0.030633990535548338,
  "NLD": 0.03182352688427693,
  "CZE": 0.09590203598038359
}
