{
  "DEU": 0.10106241250558047,
  "BEL": 0.030614752613853845,
  "POL": 0.011123052355934115,
  "FRA": 0.010067138661811834,
  "RoW": 0.615296893094308,
  "BGR": 0.06820526066588029,
  "TUR": 0.09406409023750842,
  "CHE": 0.016434054231992814,
  "CZE": 0.05313234563313017
}
