{
  "DEU": 0.08638179034919553,
  "CHN": 0.0980941873352578,
  "BEL": 0.7209049896034728,
  "RoW": 0.038807420499569215,
  "FRA": 0.011536231441524563,
  "RUS": 0.04427538077098011
}
