{
  "DEU": 0.9650121609845903,
  "POL": 0.026040548649772354,
  "RoW": 0.008947290365637347
}
