{
  "CZE": 0.7185297560649737,
  "RoW": 0.04049594865735918,
  "SVK": 0.24097429527766706
}
