{
  "ISR": 0.03856640586983243,
  "HRV": 0.21434441509200836,
  "ROU": 0.6213264364804852,
  "BGR": 0.09116563763784648,
  "RoW": 0.03459710491982763
}
