{
  "JPN": 0.07749419080332251,
  "FIN": 0.029622825639862963,
  "SVK": 0.09161495219566575,
  "DEU": 0.0825354891957455,
  "ESP": 0.1333397257646946,
  "BEL": 0.05354300508198293,
  "ITA": 0.05452481084825472,
  "FRA": 0.2766292410720287,
  "NLD": 0.04683955505093184,
  "RoW": 0.11338655779220955,
  "CHE": 0.04046964655530095
}
