{
  "CHN": 0.024712683144480545,
  "JPN": 0.49257239508543266,
  "DEU": 0.12117691799512458,
  "RoW": 0.01074197476805979,
  "BEL": 0.24995706587740646,
  "FRA": 0.100838963129496
}
