{
  "CAN": 0.8819379753328483,
  "USA": 0.026189735142069827,
  "CHE": 0.023315913273478314,
  "TUR": 0.05660886850584037,
  "RoW": 0.011947507745763284
}
