{
  "PRK": 0.012443349681185519,
  "JPN": 0.07322315956757346,
  "FIN": 0.037780347241084464,
  "IRL": 0.21510342089809412,
  "RoW": 0.6029494099742694,
  "THA": 0.01907448642963294,
  "ZAF": 0.014466567414848744,
  "BRA": 0.024959258793311477
}
