{
  "BEL": 0.3936936326424637,
  "CHN": 0.24738357379768822,
  "RoW": 0.07904869238920462,
  "DEU": 0.042951867705380294,
  "NLD": 0.01773502269647413,
  "FRA": 0.04618713968675322,
  "THA": 0.02235898379369405,
  "PRK": 0.02308075516599149,
  "UKR": 0.021037893295709632,
  "JPN": 0.10652243882664067
}
