{
  "DEU": 0.04064443128503438,
  "JPN": 0.0262526295478204,
  "FRA": 0.40433895346627385,
  "RoW": 0.022833203892210326,
  "BEL": 0.10951069266915955,
  "CHN": 0.28215353234290297,
  "ESP": 0.012327292362080989,
  "TUR": 0.01619890134814933,
  "POL": 0.019358900862858464,
  "NOR": 0.06638146222350962
}
