{
  "THA": 0.21322164686734985,
  "IND": 0.015590576035354103,
  "RoW": 0.6748409806288647,
  "KOR": 0.09634679646843142
}
