{
  "PRK": 0.36915443547039734,
  "IND": 0.17883430108168233,
  "KOR": 0.43212935641432726,
  "RoW": 0.019881907033593056
}
