{
  "SGP": 0.013488097725375537,
  "HKG": 0.09444147908157,
  "ROU": 0.015953374628867808,
  "FIN": 0.10164740697116342,
  "BRA": 0.16087921161882354,
  "RoW": 0.01227775555624324,
  "ISR": 0.03966085816469688,
  "MYS": 0.012949527174651589,
  "MMR": 0.01827680104469617,
  "SWE": 0.03519833408327008,
  "TUN": 0.013262443968576851,
  "VNM": 0.03824062340406189,
  "KOR": 0.13454653301454778,
  "EST": 0.18586642489295385,
  "BGD": 0.02102904648217518,
  "MUS": 0.02092563786108686,
  "JPN": 0.011574653816575789,
  "HUN": 0.019540000780369896,
  "TUR": 0.0502417897302938
}
