{
  "MAR": 0.01996473236643753,
  "SVK": 0.13261211740415838,
  "LVA": 0.3790058399620502,
  "TUR": 0.012074697125930305,
  "RoW": 0.34259440729454427,
  "KHM": 0.04145591477988839,
  "TZA": 0.018310279899754606,
  "ZAF": 0.015829660822409615,
  "NOR": 0.038152350344826655
}
