{
  "DEU": 0.06079742394336956,
  "CHN": 0.1567692980023432,
  "BEL": 0.17888698553934024,
  "RoW": 0.27075090434092686,
  "AUT": 0.05998616814728044,
  "ESP": 0.05521541000638659,
  "FRA": 0.03617845424998293,
  "NLD": 0.04480712819109603,
  "ITA": 0.03600469759231148,
  "POL": 0.017878916085883285,
  "SRB": 0.0827246139010793
}
