{
  "meta": {
    "python": "3.12.2",
    "platform": "macOS-15.6.1-arm64-arm-64bit",
    "loops": 3,
    "warmups": 1,
    "seed": 42,
    "group": "all",
    "functions": [
      "ndvi",
      "ndwi",
      "evi",
      "savi",
      "nbr",
      "ndmi",
      "nbr2",
      "gci",
      "delta_ndvi",
      "delta_nbr",
      "normalized_difference",
      "temporal_mean",
      "temporal_std",
      "median",
      "trend_analysis",
      "euclidean_distance",
      "manhattan_distance",
      "chebyshev_distance",
      "minkowski_distance",
      "moving_average_temporal",
      "moving_average_temporal_stride",
      "pixelwise_transform"
    ],
    "shape_info": {
      "height": 1000,
      "width": 1000,
      "time": 24,
      "points_a": 1000,
      "points_b": 1000,
      "point_dim": 32
    },
    "size_sweep": null,
    "sweep_shape_infos": null
  },
  "results": [
    {
      "name": "ndvi",
      "loops": 3,
      "warmups": 1,
      "mean_s": 0.028587763663381338,
      "stdev_s": 0.000402468971717064,
      "min_s": 0.028130749997217208,
      "max_s": 0.029110083007253706,
      "throughput_elems": 34980000.94638115,
      "elements": 1000000,
      "shape_description": "1000x1000",
      "memory_mb": null,
      "baseline_mean_s": 0.0017405276497205098,
      "baseline_min_s": 0.0015695830225013196,
      "baseline_max_s": 0.0019184579723514616,
      "speedup_vs_numpy": 0.060883658834426,
      "baseline_throughput_elems": 574538416.6465714,
      "baseline_kind": null
    },
    {
      "name": "ndwi",
      "loops": 3,
      "warmups": 1,
      "mean_s": 0.028604139011198033,
      "stdev_s": 0.0004644097651649915,
      "min_s": 0.028224417008459568,
      "max_s": 0.029258083028253168,
      "throughput_elems": 34959975.53390847,
      "elements": 1000000,
      "shape_description": "1000x1000",
      "memory_mb": null,
      "baseline_mean_s": 0.001571555680129677,
      "baseline_min_s": 0.001455708988942206,
      "baseline_max_s": 0.001677667023614049,
      "speedup_vs_numpy": 0.05494154812750839,
      "baseline_throughput_elems": 636312166.7553548,
      "baseline_kind": null
    },
    {
      "name": "evi",
      "loops": 3,
      "warmups": 1,
      "mean_s": 0.03908329166006297,
      "stdev_s": 0.00033845322448787453,
      "min_s": 0.03862491698237136,
      "max_s": 0.039431832963600755,
      "throughput_elems": 25586381.226478018,
      "elements": 1000000,
      "shape_description": "1000x1000",
      "memory_mb": null,
      "baseline_mean_s": 0.0028624443414931497,
      "baseline_min_s": 0.0027724580140784383,
      "baseline_max_s": 0.0029548329766839743,
      "speedup_vs_numpy": 0.07323959216101855,
      "baseline_throughput_elems": 349351770.96871185,
      "baseline_kind": null
    },
    {
      "name": "savi",
      "loops": 3,
      "warmups": 1,
      "mean_s": 0.029742916696704924,
      "stdev_s": 0.0004002865449840254,
      "min_s": 0.029446458036545664,
      "max_s": 0.030308792018331587,
      "throughput_elems": 33621450.451454386,
      "elements": 1000000,
      "shape_description": "1000x1000",
      "memory_mb": null,
      "baseline_mean_s": 0.0019839443266391754,
      "baseline_min_s": 0.0018150000250898302,
      "baseline_max_s": 0.002195291977841407,
      "speedup_vs_numpy": 0.06670308587654307,
      "baseline_throughput_elems": 504046402.19618034,
      "baseline_kind": null
    },
    {
      "name": "nbr",
      "loops": 3,
      "warmups": 1,
      "mean_s": 0.02867438867300128,
      "stdev_s": 0.00012129817926165344,
      "min_s": 0.028503375011496246,
      "max_s": 0.028771541023161262,
      "throughput_elems": 34874326.75213621,
      "elements": 1000000,
      "shape_description": "1000x1000",
      "memory_mb": null,
      "baseline_mean_s": 0.0016249303395549457,
      "baseline_min_s": 0.0014615000109188259,
      "baseline_max_s": 0.0017950829933397472,
      "speedup_vs_numpy": 0.056668351611098816,
      "baseline_throughput_elems": 615410996.8024176,
      "baseline_kind": null
    },
    {
      "name": "ndmi",
      "loops": 3,
      "warmups": 1,
      "mean_s": 0.028473847002411883,
      "stdev_s": 0.00021038364811621117,
      "min_s": 0.028233707998879254,
      "max_s": 0.028746041003614664,
      "throughput_elems": 35119947.08390808,
      "elements": 1000000,
      "shape_description": "1000x1000",
      "memory_mb": null,
      "baseline_mean_s": 0.0015814586464936535,
      "baseline_min_s": 0.0015324169653467834,
      "baseline_max_s": 0.0016785839688964188,
      "speedup_vs_numpy": 0.055540743980246006,
      "baseline_throughput_elems": 632327631.3403198,
      "baseline_kind": null
    },
    {
      "name": "nbr2",
      "loops": 3,
      "warmups": 1,
      "mean_s": 0.028656805690843612,
      "stdev_s": 6.023185084886983e-05,
      "min_s": 0.028610500041395426,
      "max_s": 0.028741875023115426,
      "throughput_elems": 34895724.62430866,
      "elements": 1000000,
      "shape_description": "1000x1000",
      "memory_mb": null,
      "baseline_mean_s": 0.0017423887038603425,
      "baseline_min_s": 0.00162770802853629,
      "baseline_max_s": 0.0018327500438317657,
      "speedup_vs_numpy": 0.0608019163984166,
      "baseline_throughput_elems": 573924749.2734852,
      "baseline_kind": null
    },
    {
      "name": "gci",
      "loops": 3,
      "warmups": 1,
      "mean_s": 0.027690277687118698,
      "stdev_s": 0.0002546465718669212,
      "min_s": 0.027413750009145588,
      "max_s": 0.028028333035763353,
      "throughput_elems": 36113758.45700501,
      "elements": 1000000,
      "shape_description": "1000x1000",
      "memory_mb": null,
      "baseline_mean_s": 0.0007037916608775655,
      "baseline_min_s": 0.0006774999783374369,
      "baseline_max_s": 0.0007211249903775752,
      "speedup_vs_numpy": 0.025416562044986782,
      "baseline_throughput_elems": 1420875033.8887067,
      "baseline_kind": null
    },
    {
      "name": "delta_ndvi",
      "loops": 3,
      "warmups": 1,
      "mean_s": 0.08105644467286766,
      "stdev_s": 0.0005325294268492291,
      "min_s": 0.0805600419989787,
      "max_s": 0.08179512503556907,
      "throughput_elems": 12337081.943772128,
      "elements": 1000000,
      "shape_description": "1000x1000",
      "memory_mb": null,
      "baseline_mean_s": 0.0032600000073822835,
      "baseline_min_s": 0.0030584170017391443,
      "baseline_max_s": 0.0034710830077528954,
      "speedup_vs_numpy": 0.04021888722777297,
      "baseline_throughput_elems": 306748465.56303555,
      "baseline_kind": null
    },
    {
      "name": "delta_nbr",
      "loops": 3,
      "warmups": 1,
      "mean_s": 0.08265468068808939,
      "stdev_s": 0.0034020799149835574,
      "min_s": 0.07957837503636256,
      "max_s": 0.08739650005009025,
      "throughput_elems": 12098528.37945935,
      "elements": 1000000,
      "shape_description": "1000x1000",
      "memory_mb": null,
      "baseline_mean_s": 0.0034779719814347723,
      "baseline_min_s": 0.0033678329782560468,
      "baseline_max_s": 0.0036048750043846667,
      "speedup_vs_numpy": 0.04207834272035305,
      "baseline_throughput_elems": 287523880.3929262,
      "baseline_kind": null
    },
    {
      "name": "normalized_difference",
      "loops": 3,
      "warmups": 1,
      "mean_s": 0.028921097012547154,
      "stdev_s": 0.0010029472266176412,
      "min_s": 0.027651208045426756,
      "max_s": 0.030103208031505346,
      "throughput_elems": 34576835.019991085,
      "elements": 1000000,
      "shape_description": "1000x1000",
      "memory_mb": null,
      "baseline_mean_s": 0.0018011529852325718,
      "baseline_min_s": 0.0015999169554561377,
      "baseline_max_s": 0.001955042011104524,
      "speedup_vs_numpy": 0.062278169616151076,
      "baseline_throughput_elems": 555199923.7149065,
      "baseline_kind": null
    },
    {
      "name": "temporal_mean",
      "loops": 3,
      "warmups": 1,
      "mean_s": 0.16779297198324153,