{
  "open_imgrs": {
    "name": "imgrs - Open",
    "iterations": 50,
    "total_time": 0.3365477700572228,
    "avg_time": 0.0067309554011444565,
    "min_time": 0.005767511000158265,
    "max_time": 0.014366533010615967
  },
  "resize_imgrs": {
    "name": "imgrs - Resize",
    "iterations": 50,
    "total_time": 0.36516770502203144,
    "avg_time": 0.007303354100440629,
    "min_time": 0.006458174000727013,
    "max_time": 0.010811910004122183
  },
  "blur_imgrs": {
    "name": "imgrs - Blur",
    "iterations": 50,
    "total_time": 115.59259403591568,
    "avg_time": 2.3118518807183137,
    "min_time": 2.217183536005905,
    "max_time": 2.600777977000689
  },
  "sharpen_imgrs": {
    "name": "imgrs - Sharpen",
    "iterations": 50,
    "total_time": 3.5798859689675737,
    "avg_time": 0.07159771937935147,
    "min_time": 0.06713819899596274,
    "max_time": 0.0849004820047412
  },
  "brightness_imgrs": {
    "name": "imgrs - Brightness",
    "iterations": 50,
    "total_time": 0.47994229799951427,
    "avg_time": 0.009598845959990285,
    "min_time": 0.008958292994066142,
    "max_time": 0.015815027989447117
  },
  "rotate_imgrs": {
    "name": "imgrs - Rotate",
    "iterations": 50,
    "total_time": 0.2711817419913132,
    "avg_time": 0.005423634839826263,
    "min_time": 0.004470556988962926,
    "max_time": 0.009313536997069605
  },
  "convert_imgrs": {
    "name": "imgrs - Convert",
    "iterations": 50,
    "total_time": 0.24721681502705906,
    "avg_time": 0.004944336300541181,
    "min_time": 0.003571540000848472,
    "max_time": 0.012004887001239695
  },
  "save_imgrs": {
    "name": "imgrs - Save",
    "iterations": 50,
    "total_time": 0.5116604619106511,
    "avg_time": 0.01023320923821302,
    "min_time": 0.006707328007905744,
    "max_time": 0.014347420001286082
  },
  "pipeline_imgrs": {
    "name": "imgrs - Pipeline",
    "iterations": 50,
    "total_time": 12.598413496030844,
    "avg_time": 0.2519682699206169,
    "min_time": 0.2395012070046505,
    "max_time": 0.29627417599840555
  }
}